{
  "root_mean_squared_error": 54.41217111460056,
  "median_absolute_error": 29.404525884901204,
  "mean_absolute_error": 39.05005496558598
}